var_shortn,var_longn_eng,SHIP-START-4 Code Parts ,LOINC,LOINC code parts,Relation,Cardinality,,,,,,,,,,,,,,,,,,,
wbc,LAB: WBC/leukocytes (Gpt/l),"C: Leucocytes
P: Gpt/l
T: Pt
S: Blood
Sc: Qn
M: ",6690-2,"C: Leucocytes
P: NCnc
T: Pt
S: Blood
Sc: Qn
M: Automated count",=,2,,, ,,,,,,,,,,,,,,,,
rbc,LAB: RBC/erythrocytes (Tpt/l),"C: Erythrocytes 
P: Tpt/l
T: Pt
S: Blood
Sc: Qn
M: ",789-8,"C:  Erythrocytes 
P: NCnc
T: Pt
S: Blood
Sc: Qn
M: Automated count",=,2,,,,,,,,,,,,,,,,,,,
mcv,LAB: mcv/mean corpuscular volume (fl),"C: Erythrocyte mean corpuscular volume 
P: volume (fl)
T: Pt
S: Erythrocytes
Sc: Qn
M: ",787-2 ,"C: Erythrocyte mean corpuscular volume
P: EntVol
T: Pt
S: RBC
Sc: Qn
M: Automated count ",=,2,,,,,,,,,,,,,,,,,,,
rdw,LAB: RDW/red cell distribution width (%),"C: Red blood cell distribution width 
P: (%)
T: Pt
S: Erythrocytes
Sc: Qn
M: ",788-0 ,"C: Erythrocyte distribution width
P: Ratio
T: Pt
S: RBC
Sc: Qn
M: Automated count ",=,2,,,,,,,,,,,,,,,,,,,
plt,LAB: PLT/thrombocytes (Gpt/l),"C: Platelets
P: Gpt/l
T: Pt
S: Blood
Sc: Qn
M: ",777-3,"C: Platelets
P: NCnc
T: Pt
S: Blood
Sc: Qn
M: Automated count",=,2,,,,,,,,,,,,,,,,,,,
mpv,LAB: MPV/mean platelet volume (fl),"C: Mean platelet volume
P: fl
T: Pt
S: Blood
Sc: Qn
M: ", 32623-1,"C: Platelet mean volume
P: EntVol
T: Pt
S: Blood
Sc: Qn
M: Automated count",=,2,,,,,,,,,,,,,,,,,,,
ne_pct_e,LAB: neutrophils (%),"C: Neutrophils
P: %
T: Pt
S: Blood
Sc: Qn
M: ",770-8,"C: Neutrophils/100 leukocytes
P: NFr
T: Pt
S: Blood
Sc: Qn
M: Automated count",=,2,,,,,,,,,,,,,,,,,,,
ly_pct_e,LAB: lymphocytes (%),"C: Lymphocytes
P: %
T: Pt
S: Blood
Sc: Qn
M: ",736-9,"C: Lymphocytes/100 leukocytes
P: NFr
T: Pt
S: Blood
Sc: Qn
M: Automated count",=,2,,,,,,,,,,,,,,,,,,,
mo_pct_e,LAB: monocytes (%),"C: Monocytes
P: %
T: Pt
S: Blood
Sc: Qn
M: ",5905-5,"C: Monocytes/100 leukocytes
P: NFr
T: Pt
S: Blood
Sc: Qn
M: Automated count",=,2,,,,,,,,,,,,,,,,,,,
eo_pct_e,LAB: eosinophils (%),"C: Eosinophils
P: %
T: Pt
S: Blood
Sc: Qn
M: ",713-8,"C: Eosinophils/100 leukocytes
P: NFr
T: Pt
S: Blood
Sc: Qn
M: Automated count",=,2,,,,,,,,,,,,,,,,,,,
ba_pct_e,LAB: basophils (%),"C: Basophils
P: %
T: Pt
S: Blood
Sc: Blood
M: ",706-2,"C: Basophils/100 leukocytes
P: NFr
T: Pt
S: Blood
Sc: Qn
M: Automated count",=,2,,,,,,,,,,,,,,,,,,,
ne_e,LAB: neutrophils (absolute) (Gpt/l),"C: Neutrophils (absolute)
P: Gpt/l
T: Pt
S: Blood
Sc: Qn
M: ",751-8,"C: Neutrophils
P: NCnc
T: Pt
S: Blood
Sc: Qn
M: Automated count ",=,2,,,,,,,,,,,,,,,,,,,
ly_e,LAB: lymphocytes (absolute) (Gpt/l),"C: Lymphocytes (absolute) 
P: Gpt/l
T: Pt
S: Blood
Sc: Qn
M: ",731-0,"C: Lymphocytes
P: NCnc
T: Pt
S: Blood
Sc: Qn
M: Automated count ",=,2,,,,,,,,,,,,,,,,,,,
gfr_larsson_t,LAB: GFR estimated (Larsson) (77.24*(cystatin**-1.2623)) (ml/min),"C: GFR estimated (Larsson)
P: ml/min
T: Pt
S: Serum/Plasma
Sc: Qn
M: (77.24*(cystatin**-1.2623)",50210-4,"C: Glomerular filtration rate/1.73 sq M.predicted
P: ArVRat
T: Pt
S: Ser/Plas/Bld
S: Qn
M: Cystatin C-based formula ",=,2,,,,,,,,,,,,,,,,,,,
ust_farb,LAB: (urine) urine color,"C: Color
P: 
T: Pt
S: Urine
Sc: Nom
M: ",50553-7,"C: Color
P: Type
T: Pt
S: Urine
Sc: Nom
M: Auto ",=,2,,,,,,,,,,,,,,,,,,,
hct,LAB: haematocrit,"C: Haematocrit
P: 
T: Pt
S: Blood
Sc: Qn
M: ",4544-3,"C: Hematocrit
P: VFr
T: Pt
S: Blood
Sc: Qn
M: Automated count ",=,3,,,,,,,,,,,,,,,,,,,
hba1c,LAB: Hb A1c (%),"C: Hb A1c
P: %
T: Pt
S: Blood
Sc: Qn
M:", 4548-4,"C: Hemoglobin A1c/Hemoglobin.total
P: MFr
T: Pt
S: Blood
Sc: Qn
Method: ",=,2,,,,,,,,,,,,,,,,,,,
gfrmdrd,"LAB: GFR estimated (MDRD) (ml/min/1,73qm)","C: GFR estimated
P: ml/min/1,73qm
T: Pt
S: Serum/Plasma/Blood
Sc: Qn
M: MDRD", 69405-9  ,"C: Glomerular filtration rate/1.73 sq M.predicted
P: ArVRat
T: Pt
S: Serum/Plasma/Blood
Sc: Qn
M: ",=,3,,,,,,,,,,,,,,,,,,,
gfrcapa,"GFR (CAPA) (ml/min/1,73qm)","C: GFR 
P: ml/min/1,73qm
T: Pt
S: Serum/Plasma/Blood
Sc: Qn
M: CAPA",69405-9 ,"C: Glomerular filtration rate/1.73 sq M.predicted
P: ArVRat
T: Pt
S: Serum/Plasma/Blood
Sc: Qn
M: ",=,2,,,,,,,,,,,,,,,,,,,
gfr_ckdepi,Glomerular filtration rate (CKD-EPI formula) (ml/min),"C: Glomerular filtration rate
P: ml/min
T: Pt
S: Serum/Plasma/Blood
Sc: Qn
M: CKD-EPI formula",69405-9,"C: Glomerular filtration rate/1.73 sq M.predicted
P: ArVRat
T: Pt
S: Serum/Plasma/Blood
Sc: Qn
M:",=,3,,,,,,,,,,,,,,,,,,,
alat_s,LAB: alanine aminotransferase (ALAT/GPT) (µkatal/l),"C: Alanine aminotransferase (ALAT/GPT)
P: µkatal/l
T: Pt
S: Serum/Plasma
Sc: Qn
M:  ",1742-6,"C: Alanine aminotransferase
P: CCnc
T: Pt
S: Serum/Plasma
Sc: Qn
M: ",=,2,,,,,,,,,,,,,,,,,,,
asat_s,LAB: aspartate aminotransferase (ASAT/GOT) (µkatal/l),"C: Aspartate aminotransferase (ASAT/GOT)
P: µkatal/l
T: Pt
S: Serum/Plasma
Sc: Qn
M:  ",1920-8,"C: Aspartate aminotransferase
P: CCnc
T: Pt
S: Serum/Plasma
Sc: Qn
M: ",=,2,,,,,,,,,,,,,,,,,,,
alb_s,LAB: serum albumin (g/l),"C: Serum albumin 
P: g/l
T: Pt
S: Serum/Plasma
Sc: Qn
M: ",1751-7 ,"C: Albumin
P: MCnc
T: Pt
S: Serum/Plasma
Sc: Qn
M: ",=,2,,,,,,,,,,,,,,,,,,,
ferri,Ferritin (µg/l),"C: Ferritin
P: µg/l
T: Pt
S: Ser/Plas
Sc: Qn
M:",2276-4,"C: Ferritin
P: MCnc
T: Pt
S: Ser/Plas
Sc: Qn
M:",=,2,,,,,,,,,,,,,,,,,,,
ldlch,LAB: LDL-cholesterol (mmol/l),"C: LDL-cholesterol
P: mmol/l
T: Pt
S: Serum/Plasma
Sc: Qn
M: ",22748-8,"C: Cholesterol.in LDL
P: SCnc
T: Pt
S: Serum/Plasma
Sc: Qn
M: ",=,2,,,,,,,,,,,,,,,,,,,
tsh,LAB: TSH/thyroid-stimulating hormone (mU/l),"C: TSH/thyroid-stimulating hormone 
P: mU/l
T: Pt
S: Serum/Plasma
Sc: Qn
M: ",3016-3,"C: Thyrotropin
P: ACnc
T: Pt
S: Ser/Plas
Sc: Qn
M:",=,2,,,,,,,,,,,,,,,,,,,
ft3,"LAB: f T3/triiodothyronine, free (pmol/l)","C:  f T3/triiodothyronine, free 
P: pmol/l
T: Pt
S: Serum/Plasma
Sc: Qn
M: ",14928-6,"C: Triiodothyronine.free
P: SCnc
T: Pt
S: Serum/Plasma
Sc: Qn
M:",=,2,,,,,,,,,,,,,,,,,,,
ft4,"LAB: f T4/thyroxine, free (pmol/l)","C:  f T4/thyroxine, free 
P: pmol/l
T: Pt
S: Serum/Plasma
Sc: Qn
M: ",14920-3,"C: Thyroxine.free
P: SCnc
T: Pt
S. Serum/Plasma
Sc: Qn
M: ",=,2,,,,,,,,,,,,,,,,,,,
tpo_ak,LAB: TPO-AK/ anti-thyroid peroxidase antibody (U/ml),"C: TPO-AK/ anti-thyroid peroxidase antibody 
P: U/ml
T: Pt
S: Serum/Plasma
Sc: Qn
M: ",8099-4,"C: Thyroperoxidase Ab
P: ACnc
T: Pt
S: Serum/Plasma
Sc: Qn
",=,2,,,,,,,,,,,,,,,,,,,
ph_u,LAB: (urine) pH,"C: pH
P: 
T: Pt
S: Urine
Sc: Qn
M:",2756-5,"C: pH
P: LsCnc
T: Pt
S: Urine
Sc: Qn
M:",=,3,,,,,,,,,,,,,,,,,,,
leuco_u,LAB: (urine) leukocytes (Zellen/µl),"C: Leukocytes
P: Zellen/µl
T: Pt
S: Urine
Sc: Qn
M:",30405-5,"C: Leukocytes
P: NCnc
T: Pt
S: Urine
Sc: Qn
M:",=,3,,,,,,,,,,,,,,,,,,,
nitri_u,LAB: (urine) nitrite (pos/neg),"C: Nitrite
P: pos/neg
T: Pt
S: Urine
Sc: Ord
M:",32710-6,"C: Nitrite
P: PrThr
T: Pt
S: Urine
Sc: Ord
M:",=,3,,,,,,,,,,,,,,,,,,,
prot_u,LAB: (urine) protein (g/l),"C: Protein
P: g/l
T:  Pt
S: Urine
Sc: Qn
M:",2888-6,"C: Protein
P: MCnc
T:  Pt
S: Urine
Sc: Qn
M:",=,3,,,,,,,,,,,,,,,,,,,
gluc_u,LAB: (urine) glucose (mmol/l),"C: Glucose
P: mmol/l
T: Pt
S: Urine
Sc: Qn
M:",15076-3 ,"C: Glucose
P: SCnc
T: Pt
S: Urine
Sc: Qn
M:",=,3,,,,,,,,,,,,,,,,,,,
ket_u,LAB: (urine) ketone (mmol/l),"C: Ketones
P: mmol/l
T: Pt
S: Urine
Sc: Qn
M: ",22702-5,"C: Ketones
P: SCnc
T: Pt
S: Urine
Sc: Qn
M: Test strip ",=,2,,,,,,,,,,,,,,,,,,,
ubg_u,LAB: (urine) urobilinogen (µmol/l),"C: Urobilinogen
P: µmol/l
T: Pt
S: Urine
Sc: Qn
M:",34927-4,"C: Urobilinogen
P: SCnc
T: Pt
S: Urine
Sc: Qn
M:",=,3,,,,,,,,,,,,,,,,,,,
bili_u,LAB: (urine) bilirubin (µmol/l),"C: Bilirubin
P: µmol/l
T: Pt
S: Urine
Sc: Qn
M:",70199-5,"C: Bilirubin
P: SCnc
T: Pt
S: Urine
Sc: Qn
M:",=,3,,,,,,,,,,,,,,,,,,,
ery_u,LAB: (urine) erythrocytes (/µl),"C: Erythrocytes
P: /µl
T: Pt
S: Urine
Sc: Qn
M: ",30391-7,"C: Erythrocytes
P: NCnc
T: Pt
S: Urine
Sc: Qn
M:",=,3,,,,,,,,,,,,,,,,,,,
hb_u,LAB: (urine) haemoglobin (mg/dl),"C: Hemoglobin
P: mg/dl
T: Pt
S: Urine
Sc. Qn
M: ",726-0,"C: Hemoglobin
P: MCnc
T: Pt
S: Urine
Sc: Qn
",=,3,,,,,,,,,,,,,,,,,,,
,,"C: Glomerular filtration rate
P: ml/min
T: Pt
S: Serum/Plasma/Blood
Sc: Qn
M: CKD-EPI formula",88294-4,"C: Glomerular filtration rate/1.73 sq M.predicted.non black
P: ArVRat
T: Pt
S: Serum/Plasma/Blood
Sc: Qn
M: Creatinine-based formula (CKD-EPI) ",=,,,,,,,,,,,,,,,,,,,,
,,"C: Glomerular filtration rate
P: ml/min
T: Pt
S: Serum/Plasma/Blood
Sc: Qn
M: CKD-EPI formula",62238-1,"C: Glomerular filtration rate/1.73 sq M.predicted
P: ArVRat
T: Pt
S: Serum/Plasma/Blood
Sc: Qn
M: Creatinine-based formula (CKD-EPI) ",=,,,,,,,,,,,,,,,,,,,,
alat_s,LAB: alanine aminotransferase (ALAT/GPT) (µkatal/l),"C: Alanine aminotransferase (ALAT/GPT)
P: µkatal/l
T: Pt
S: Serum/Plasma
Sc: Qn
M:  ",1742-6,"C: Alanine aminotransferase
P: CCnc
T: Pt
S: Serum/Plasma
Sc: Qn
M: ",=,2,,,,,,,,,,2,,,,,,,,,
,,"C: Alanine aminotransferase (ALAT/GPT)
P: µkatal/l
T: Pt
S: Serum/Plasma
Sc: Qn
M:  ",1743-4,"C: Alanine aminotransferase
P: CCnc
T: Pt
S: Ser/Plas
Sc: Qn
M: With P-5'-P ",=,,,,,,,,,,,,,,,,,,,,
asat_s,LAB: aspartate aminotransferase (ASAT/GOT) (µkatal/l),"C: Aspartate aminotransferase (ASAT/GOT)
P: µkatal/l
T: Pt
S: Serum/Plasma
Sc: Qn
M:  ",1920-8,"C: Aspartate aminotransferase
P: CCnc
T: Pt
S: Serum/Plasma
Sc: Qn
M: ",=,2,,,,,,,,,,2,,,,,,,,,
,,"C: Aspartate aminotransferase (ASAT/GOT)
P: µkatal/l
T: Pt
S: Serum/Plasma
Sc: Qn
M:  ",30239-8,"C: Aspartate aminotransferase
P: CCnc
T: Pt
S: Serum/Plasma
Sc: Qn
M: With P-5'-P ",=,,,,,,,,,,,,,,,,,,,,
alb_s,LAB: serum albumin (g/l),"C: Serum albumin 
P: g/l
T: Pt
S: Serum/Plasma
Sc: Qn
M: ",1751-7 ,"C: Albumin
P: MCnc
T: Pt
S: Serum/Plasma
Sc: Qn
M: ",=,2,,,,,,,,,,2,,,,,,,,,
,,,61152-5,"C:  Albumin
P: MCnc
T: Pt
S: Serum/Plasma
Sc: Qn
M: BCP ",=,,,,,,,,,,,,,,,,,,,,
ferri,Ferritin (µg/l),"C: Ferritin
P: µg/l
T: Pt
S: Ser/Plas
Sc: Qn
M:",2276-4,"C: Ferritin
P: MCnc
T: Pt
S: Ser/Plas
Sc: Qn
M:",=,2,,,,,,,,,,2,,,,,,,,,
,,,20567-4,"C: Ferritin
P: MCnc
T: Pt
S: Serum/Plasma
S: Qn
M: Immunoassay",=,,,,,,,,,,,,,,,,,,,,
ldlch,LAB: LDL-cholesterol (mmol/l),"C: LDL-cholesterol
P: mmol/l
T: Pt
S: Serum/Plasma
Sc: Qn
M: ",22748-8,"C: Cholesterol.in LDL
P: SCnc
T: Pt
S: Serum/Plasma
Sc: Qn
M: ",=,2,,,,,,,,,,2,,,,,,,,,
,,,69419-0,"C: Cholesterol.in LDL
P: SCnc
T: Pt
S: Serum/Plasma
Sc: Qn
M: Direct assay ",=,,,,,,,,,,,,,,,,,,,,
tsh,LAB: TSH/thyroid-stimulating hormone (mU/l),"C: TSH/thyroid-stimulating hormone 
P: mU/l
T: Pt
S: Serum/Plasma
Sc: Qn
M: ",3016-3,"C: Thyrotropin
P: ACnc
T: Pt
S: Ser/Plas
Sc: Qn
M:",=,2,,,,,,,,,,2,,,,,,,,,
,,,11580-8,"C:Thyrotropin
P: ACnc
T: Pt
S: Serum/Plasma
Sc: Qn
M: Detection limit <= 0.005 mIU/L ",=,,,,,,,,,,,,,,,,,,,,
ft3,"LAB: f T3/triiodothyronine, free (pmol/l)","C:  f T3/triiodothyronine, free 
P: pmol/l
T: Pt
S: Serum/Plasma
Sc: Qn
M: ",14928-6,"C: Triiodothyronine.free
P: SCnc
T: Pt
S: Serum/Plasma
Sc: Qn
M:",=,2,,,,,,,,,,2,,,,,,,,,
,,,83126-3,"C: Triiodothyronine.free
P: SCnc
T: Pt
S: Serum/Plasma
Sc: Qn
M: Immunoassay ",=,,,,,,,,,,,,,,,,,,,,
ft4,"LAB: f T4/thyroxine, free (pmol/l)","C:  f T4/thyroxine, free 
P: pmol/l
T: Pt
S: Serum/Plasma
Sc: Qn
M: ",14920-3,"C: Thyroxine.free
P: SCnc
T: Pt
S. Serum/Plasma
Sc: Qn
M: ",=,2,,,,,,,,,,2,,,,,,,,,
,,,83121-4,"C: Thyroxine.free
P: SCnc
T: Pt
S: Serum/Plasma
Sc: Qn
M: Immunoassay ",=,,,,,,,,,,,,,,,,,,,,
tpo_ak,LAB: TPO-AK/ anti-thyroid peroxidase antibody (U/ml),"C: TPO-AK/ anti-thyroid peroxidase antibody 
P: U/ml
T: Pt
S: Serum/Plasma
Sc: Qn
M: ",8099-4,"C: Thyroperoxidase Ab
P: ACnc
T: Pt
S: Serum/Plasma
Sc: Qn
",=,2,,,,,,,,,,2,,,,,,,,,
,,,56477-3,"C: Thyroperoxidase Ab
P: ACnc
T: Pt
S: Serum/Plasma
Sc: Qn
M:  Immunoassy ",=,,,,,,,,,,,,,,,,,,,,
ph_u,LAB: (urine) pH,"C: pH
P: 
T: Pt
S: Urine
Sc: Qn
M:",2756-5,"C: pH
P: LsCnc
T: Pt
S: Urine
Sc: Qn
M:",=,3,,,,,,,,,,3,,,,,,,,,
,,,5803-2,"C: pH
P: LsCnc
T: Pt
S: Urine
Sc: Qn
M: Test Strip",=,,,,,,,,,,,,,,,,,,,,
,,,50560-2,"C: pH
P: LsCnc
T: Pt
S: Urine
Sc: Qn
M: Test strip.automated",=,,,,,,,,,,,,,,,,,,,,
leuco_u,LAB: (urine) leukocytes (Zellen/µl),"C: Leukocytes
P: Zellen/µl
T: Pt
S: Urine
Sc: Qn
M:",30405-5,"C: Leukocytes
P: NCnc
T: Pt
S: Urine
Sc: Qn
M:",=,3,,,,,,,,,,3,,,,,,,,,
,,,20408-1,"C: Leukocytes
P: NCnc
T: Pt
S: Urine
S: Qn
M: Test strip ",=,,,,,,,,,,,,,,,,,,,,
,,,58805-3,"C: Leukocytes
P: NCnc
T: Pt
S: Urine
Sc: Qn
M: Test strip.automated ",=,,,,,,,,,,,,,,,,,,,,
nitri_u,LAB: (urine) nitrite (pos/neg),"C: Nitrite
P: pos/neg
T: Pt
S: Urine
Sc: Ord
M:",32710-6,"C: Nitrite
P: PrThr
T: Pt
S: Urine
Sc: Ord
M:",=,3,,,,,,,,,,3,,,,,,,,,
,,,5802-4,"C: Nitrite
P: PrThr
T: Pt
S: Urine
Sc: Ord
M: Test strip ",=,,,,,,,,,,,,,,,,,,,,
,,,50558-6,"C: Nitrite
P. PrThr
T: Pt
S:  Urine
Sc: Ord
M: Test strip.automated ",=,,,,,,,,,,,,,,,,,,,,
prot_u,LAB: (urine) protein (g/l),"C: Protein
P: g/l
T:  Pt
S: Urine
Sc: Qn
M:",2888-6,"C: Protein
P: MCnc
T:  Pt
S: Urine
Sc: Qn
M:",=,3,,,,,,,,,,3,,,,,,,,,
,,,5804-0,"C. Protein
P: MCnc
T: Pt
S: Urine
Sc: Qn
M: Test strip ",=,,,,,,,,,,,,,,,,,,,,
,,,50561-0,"C: Protein
P: MCnc
T: Pt
S: Urine
Sc: Qn
M: Test strip.automated ",=,,,,,,,,,,,,,,,,,,,,
gluc_u,LAB: (urine) glucose (mmol/l),"C: Glucose
P: mmol/l
T: Pt
S: Urine
Sc: Qn
M:",15076-3 ,"C: Glucose
P: SCnc
T: Pt
S: Urine
Sc: Qn
M:",=,3,,,,,,,,,,3,,,,,,,,,
,,,22705-8,"C: Glucose
P: SCnc
T: Pt
S:Urine
Sc: Qn
M: Test strip ",=,,,,,,,,,,,,,,,,,,,,
,,,59156-0,"C: Glucose
P: SCnc
T: Pt
S: Urine
Sc: Qn
M: Test strip.automated ",=,,,,,,,,,,,,,,,,,,,,
,,,59158-6,"C: Ketones
P: SCnc
T: Pt
S: Urine
Sc: Qn
M: Test strip.automated ",=,,,,,,,,,,,,,,,,,,,,
ubg_u,LAB: (urine) urobilinogen (µmol/l),"C: Urobilinogen
P: µmol/l
T: Pt
S: Urine
Sc: Qn
M:",34927-4,"C: Urobilinogen
P: SCnc
T: Pt
S: Urine
Sc: Qn
M:",=,3,,,,,,,,,,3,,,,,,,,,
,,,34928-2,"C: Urobilinogen
P: SCnc
T: Pt
S: Urine
Sc: Qn
M: Test strip ",=,,,,,,,,,,,,,,,,,,,,
,,,60025-4,"C: Urobilinogen
P: SCnc
T: Pt
S: Urine
Sc: Qn
M: Test strip.automated ",=,,,,,,,,,,,,,,,,,,,,
bili_u,LAB: (urine) bilirubin (µmol/l),"C: Bilirubin
P: µmol/l
T: Pt
S: Urine
Sc: Qn
M:",70199-5 ,"C: Bilirubin
P: SCnc
T: Pt
S: Urine
Sc: Qn
M:",=,3,,,,,,,,,,3,,,,,,,,,
,,,41016-7,"C: Bilirubin
P: SCnc
T: Pt
S: Urine
Sc: Qn
M: Test strip ",=,,,,,,,,,,,,,,,,,,,,
,,,68367-2,"C: Bilirubin
P: SCnc
T: Pt
S: Urine
Sc: Qn
M: Test strip.automated ",=,,,,,,,,,,,,,,,,,,,,
ery_u,LAB: (urine) erythrocytes (/µl),"C: Erythrocytes
P: /µl
T: Pt
S: Urine
Sc: Qn
M: ",30391-7,"C: Erythrocytes
P: NCnc
T: Pt
S: Urine
Sc: Qn
M:",=,3,,,,,,,,,,3,,,,,,,,,
,,,20409-9,"C: Erythrocytes
P: NCnc
T:  Pt
S: Urine
Sc. Qn
M: Test strip ",=,,,,,,,,,,,,,,,,,,,,
,,,57747-8,"C: Erythrocytes
P: NCnc
T: Pt
S: Urine
Sc: Qn
M: Test strip.automated ",=,,,,,,,,,,,,,,,,,,,,
,,,49137-3,"C: Hemoglobin
P: MCnc
T: Pt
S: Urine
Sc. Qn
M: Test strip",=,2,,,,,,,,,,2,,,,,,,,,
,,,50559-4,"C: Hemoglobin
P: MCnc
T: Pt
S: Urine
Sc. Qn
M: Test strip.automated ",=,,,,,,,,,,,,,,,,,,,,
,,,22705-8,"C: Glucose
P: SCnc
T: Pt
S:Urine
Sc: Qn
M: Test strip ",=,2,,,,,,,,,,2,,,,,,,,,
,,,59156-0,"C: Glucose
P: SCnc
T: Pt
S: Urine
Sc: Qn
M: Test strip.automated ",=,,,,,,,,,,,,,,,,,,,,
ket_u,LAB: (urine) ketone (mmol/l),"C: Ketones
P: mmol/l
T: Pt
S: Urine
Sc: Qn
M: ",22702-5,"C: Ketones
P: SCnc
T: Pt
S: Urine
Sc: Qn
M: Test strip ",=,2,,,,,,,,,,2,,,,,,,,,
,,,59158-6,"C: Ketones
P: SCnc
T: Pt
S: Urine
Sc: Qn
M: Test strip.automated ",=,,,,,,,,,,,,,,,,,,,,
,,,34928-2,"C: Urobilinogen
P: SCnc
T: Pt
S: Urine
Sc: Qn
M: Test strip ",=,,,,,,,,,,,,,,,,,,,,
,,,60025-4,"C: Urobilinogen
P: SCnc
T: Pt
S: Urine
Sc: Qn
M: Test strip.automated ",=,,,,,,,,,,,,,,,,,,,,
,,,41016-7,"C: Bilirubin
P: SCnc
T: Pt
S: Urine
Sc: Qn
M: Test strip ",=,,,,,,,,,,,,,,,,,,,,
,,,68367-2,"C: Bilirubin
P: SCnc
T: Pt
S: Urine
Sc: Qn
M: Test strip.automated ",=,,,,,,,,,,,,,,,,,,,,
,,,20409-9,"C: Erythrocytes
P: NCnc
T:  Pt
S: Urine
Sc. Qn
M: Test strip ",=,,,,,,,,,,,,,,,,,,,,
,,,57747-8,"C: Erythrocytes
P: NCnc
T: Pt
S: Urine
Sc: Qn
M: Test strip.automated ",=,,,,,,,,,,,,,,,,,,,,
hb_u,LAB: (urine) haemoglobin (mg/dl),"C: Hemoglobin
P: mg/dl
T: Pt
S: Urine
Sc. Qn
M: ",726-0,"C: Hemoglobin
P: MCnc
T: Pt
S: Urine
Sc. Qn
",=,3,,,,,,,,,,3,,,,,,,,,
,,,49137-3,"C: Hemoglobin
P: MCnc
T: Pt
S: Urine
Sc. Qn
M: Test strip",=,,,,,,,,,,,,,,,,,,,,
,,,50559-4,"C: Hemoglobin
P: MCnc
T: Pt
S: Urine
Sc. Qn
M: Test strip.automated ",=,,,,,,,,,,,,,,,,,,,,
ust_farb,LAB: (urine) urine color,"C: Color
P: 
T: Pt
S: Urine
Sc: Nom
M: ",50553-7,"C: Color
P: Type
T: Pt
S: Urine
Sc: Nom
M: Auto ",=,2,,,,,,,,,,2,,,,,,,,,
,,,5778-6,"C: Color
P: Type
T: Pt
S: Urine
Sc: Nom
M: ",=,,,,,,,,,,,,,,,,,,,,
,,,,,,,,,,,,,,,,,,,,,,,,,
,,,,,,,,,,,,,,,,,,,,,,,,,
,,,,,,,,,,,,,,,,,,,,,,,,,
,,,,,,,,,,,,,,,,,,,,,,,,,
,,,,,,,,,,,,,,,,,,,,,,,,,
,,,,,,,,,,,,,,,,,,,,,,,,,
,,,,,,,,,,,,,,,,,,,,,,,,,
,,,,,,,,,,,,,,,,,,,,,,,,,
,,,,,,,,,,,,,,,,,,,,,,,,,
,,,,,,,,,,,,,,,,,,,,,,,,,
,,,,,,,,,,,,,,,,,,,,,,,,,
,,,,,,,,,,,,,,,,,,,,,,,,,
,,,,,,,,,,,,,,,,,,,,,,,,,
,,,,,,,,,,,,,,,,,,,,,,,,,
,,,,,,,,,,,,,,,,,,,,,,,,,
,,,,,,,,,,,,,,,,,,,,,,,,,
,,,,,,,,,,,,,,,,,,,,,,,,,
,,,,,,,,,,,,,,,,,,,,,,,,,
,,,,,,,,,,,,,,,,,,,,,,,,,
,,,,,,,,,,,,,,,,,,,,,,,,,
,,,,,,,,,,,,,,,,,,,,,,,,,
,,,,,,,,,,,,,,,,,,,,,,,,,
,,,,,,,,,,,,,,,,,,,,,,,,,
,,,,,,,,,,,,,,,,,,,,,,,,,
,,,,,,,,,,,,,,,,,,,,,,,,,
,,,,,,,,,,,,,,,,,,,,,,,,,
,,,,,,,,,,,,,,,,,,,,,,,,,
,,,,,,,,,,,,,,,,,,,,,,,,,
,,,,,,,,,,,,,,,,,,,,,,,,,
,,,,,,,,,,,,,,,,,,,,,,,,,
,,,,,,,,,,,,,,,,,,,,,,,,,
,,,,,,,,,,,,,,,,,,,,,,,,,
,,,,,,,,,,,,,,,,,,,,,,,,,
,,,,,,,,,,,,,,,,,,,,,,,,,
,,,,,,,,,,,,,,,,,,,,,,,,,
,,,,,,,,,,,,,,,,,,,,,,,,,
,,,,,,,,,,,,,,,,,,,,,,,,,
,,,,,,,,,,,,,,,,,,,,,,,,,
,,,,,,,,,,,,,,,,,,,,,,,,,
,,,,,,,,,,,,,,,,,,,,,,,,,
,,,,,,,,,,,,,,,,,,,,,,,,,
,,,,,,,,,,,,,,,,,,,,,,,,,
,,,,,,,,,,,,,,,,,,,,,,,,,
,,,,,,,,,,,,,,,,,,,,,,,,,
,,,,,,,,,,,,,,,,,,,,,,,,,
,,,,,,,,,,,,,,,,,,,,,,,,,
,,,,,,,,,,,,,,,,,,,,,,,,,
,,,,,,,,,,,,,,,,,,,,,,,,,
,,,,,,,,,,,,,,,,,,,,,,,,,
,,,,,,,,,,,,,,,,,,,,,,,,,
,,,,,,,,,,,,,,,,,,,,,,,,,
,,,,,,,,,,,,,,,,,,,,,,,,,
,,,,,,,,,,,,,,,,,,,,,,,,,
,,,,,,,,,,,,,,,,,,,,,,,,,
,,,,,,,,,,,,,,,,,,,,,,,,,
,,,,,,,,,,,,,,,,,,,,,,,,,
,,,,,,,,,,,,,,,,,,,,,,,,,
,,,,,,,,,,,,,,,,,,,,,,,,,
,,,,,,,,,,,,,,,,,,,,,,,,,
,,,,,,,,,,,,,,,,,,,,,,,,,
,,,,,,,,,,,,,,,,,,,,,,,,,
,,,,,,,,,,,,,,,,,,,,,,,,,
,,,,,,,,,,,,,,,,,,,,,,,,,
,,,,,,,,,,,,,,,,,,,,,,,,,
,,,,,,,,,,,,,,,,,,,,,,,,,
,,,,,,,,,,,,,,,,,,,,,,,,,
,,,,,,,,,,,,,,,,,,,,,,,,,
,,,,,,,,,,,,,,,,,,,,,,,,,
,,,,,,,,,,,,,,,,,,,,,,,,,
,,,,,,,,,,,,,,,,,,,,,,,,,
,,,,,,,,,,,,,,,,,,,,,,,,,
,,,,,,,,,,,,,,,,,,,,,,,,,
,,,,,,,,,,,,,,,,,,,,,,,,,
,,,,,,,,,,,,,,,,,,,,,,,,,
,,,,,,,,,,,,,,,,,,,,,,,,,
,,,,,,,,,,,,,,,,,,,,,,,,,
,,,,,,,,,,,,,,,,,,,,,,,,,
,,,,,,,,,,,,,,,,,,,,,,,,,
,,,,,,,,,,,,,,,,,,,,,,,,,
,,,,,,,,,,,,,,,,,,,,,,,,,
,,,,,,,,,,,,,,,,,,,,,,,,,
,,,,,,,,,,,,,,,,,,,,,,,,,
,,,,,,,,,,,,,,,,,,,,,,,,,
,,,,,,,,,,,,,,,,,,,,,,,,,
,,,,,,,,,,,,,,,,,,,,,,,,,
,,,,,,,,,,,,,,,,,,,,,,,,,
,,,,,,,,,,,,,,,,,,,,,,,,,
,,,,,,,,,,,,,,,,,,,,,,,,,
,,,,,,,,,,,,,,,,,,,,,,,,,
,,,,,,,,,,,,,,,,,,,,,,,,,
,,,,,,,,,,,,,,,,,,,,,,,,,
,,,,,,,,,,,,,,,,,,,,,,,,,
,,,,,,,,,,,,,,,,,,,,,,,,,
,,,,,,,,,,,,,,,,,,,,,,,,,
,,,,,,,,,,,,,,,,,,,,,,,,,
,,,,,,,,,,,,,,,,,,,,,,,,,
,,,,,,,,,,,,,,,,,,,,,,,,,
,,,,,,,,,,,,,,,,,,,,,,,,,
,,,,,,,,,,,,,,,,,,,,,,,,,
,,,,,,,,,,,,,,,,,,,,,,,,,
,,,,,,,,,,,,,,,,,,,,,,,,,
,,,,,,,,,,,,,,,,,,,,,,,,,
,,,,,,,,,,,,,,,,,,,,,,,,,
,,,,,,,,,,,,,,,,,,,,,,,,,
,,,,,,,,,,,,,,,,,,,,,,,,,
,,,,,,,,,,,,,,,,,,,,,,,,,
,,,,,,,,,,,,,,,,,,,,,,,,,
,,,,,,,,,,,,,,,,,,,,,,,,,
,,,,,,,,,,,,,,,,,,,,,,,,,
,,,,,,,,,,,,,,,,,,,,,,,,,
,,,,,,,,,,,,,,,,,,,,,,,,,
,,,,,,,,,,,,,,,,,,,,,,,,,
,,,,,,,,,,,,,,,,,,,,,,,,,
,,,,,,,,,,,,,,,,,,,,,,,,,
,,,,,,,,,,,,,,,,,,,,,,,,,
,,,,,,,,,,,,,,,,,,,,,,,,,
,,,,,,,,,,,,,,,,,,,,,,,,,
,,,,,,,,,,,,,,,,,,,,,,,,,
,,,,,,,,,,,,,,,,,,,,,,,,,
,,,,,,,,,,,,,,,,,,,,,,,,,
,,,,,,,,,,,,,,,,,,,,,,,,,
,,,,,,,,,,,,,,,,,,,,,,,,,
,,,,,,,,,,,,,,,,,,,,,,,,,
,,,,,,,,,,,,,,,,,,,,,,,,,
,,,,,,,,,,,,,,,,,,,,,,,,,
,,,,,,,,,,,,,,,,,,,,,,,,,
,,,,,,,,,,,,,,,,,,,,,,,,,
,,,,,,,,,,,,,,,,,,,,,,,,,
,,,,,,,,,,,,,,,,,,,,,,,,,
,,,,,,,,,,,,,,,,,,,,,,,,,
,,,,,,,,,,,,,,,,,,,,,,,,,
,,,,,,,,,,,,,,,,,,,,,,,,,
,,,,,,,,,,,,,,,,,,,,,,,,,
,,,,,,,,,,,,,,,,,,,,,,,,,
,,,,,,,,,,,,,,,,,,,,,,,,,
,,,,,,,,,,,,,,,,,,,,,,,,,
,,,,,,,,,,,,,,,,,,,,,,,,,
,,,,,,,,,,,,,,,,,,,,,,,,,
,,,,,,,,,,,,,,,,,,,,,,,,,
,,,,,,,,,,,,,,,,,,,,,,,,,
,,,,,,,,,,,,,,,,,,,,,,,,,
,,,,,,,,,,,,,,,,,,,,,,,,,
,,,,,,,,,,,,,,,,,,,,,,,,,
,,,,,,,,,,,,,,,,,,,,,,,,,
,,,,,,,,,,,,,,,,,,,,,,,,,
,,,,,,,,,,,,,,,,,,,,,,,,,
,,,,,,,,,,,,,,,,,,,,,,,,,
,,,,,,,,,,,,,,,,,,,,,,,,,
,,,,,,,,,,,,,,,,,,,,,,,,,
,,,,,,,,,,,,,,,,,,,,,,,,,
,,,,,,,,,,,,,,,,,,,,,,,,,
,,,,,,,,,,,,,,,,,,,,,,,,,
,,,,,,,,,,,,,,,,,,,,,,,,,
,,,,,,,,,,,,,,,,,,,,,,,,,
,,,,,,,,,,,,,,,,,,,,,,,,,
,,,,,,,,,,,,,,,,,,,,,,,,,
,,,,,,,,,,,,,,,,,,,,,,,,,
,,,,,,,,,,,,,,,,,,,,,,,,,
,,,,,,,,,,,,,,,,,,,,,,,,,
,,,,,,,,,,,,,,,,,,,,,,,,,
,,,,,,,,,,,,,,,,,,,,,,,,,
,,,,,,,,,,,,,,,,,,,,,,,,,
,,,,,,,,,,,,,,,,,,,,,,,,,
,,,,,,,,,,,,,,,,,,,,,,,,,
,,,,,,,,,,,,,,,,,,,,,,,,,
,,,,,,,,,,,,,,,,,,,,,,,,,
,,,,,,,,,,,,,,,,,,,,,,,,,
,,,,,,,,,,,,,,,,,,,,,,,,,
,,,,,,,,,,,,,,,,,,,,,,,,,
,,,,,,,,,,,,,,,,,,,,,,,,,
,,,,,,,,,,,,,,,,,,,,,,,,,
,,,,,,,,,,,,,,,,,,,,,,,,,
,,,,,,,,,,,,,,,,,,,,,,,,,
,,,,,,,,,,,,,,,,,,,,,,,,,
,,,,,,,,,,,,,,,,,,,,,,,,,
,,,,,,,,,,,,,,,,,,,,,,,,,
,,,,,,,,,,,,,,,,,,,,,,,,,
,,,,,,,,,,,,,,,,,,,,,,,,,
,,,,,,,,,,,,,,,,,,,,,,,,,
,,,,,,,,,,,,,,,,,,,,,,,,,
,,,,,,,,,,,,,,,,,,,,,,,,,
,,,,,,,,,,,,,,,,,,,,,,,,,
,,,,,,,,,,,,,,,,,,,,,,,,,
,,,,,,,,,,,,,,,,,,,,,,,,,
,,,,,,,,,,,,,,,,,,,,,,,,,
,,,,,,,,,,,,,,,,,,,,,,,,,
,,,,,,,,,,,,,,,,,,,,,,,,,
,,,,,,,,,,,,,,,,,,,,,,,,,
,,,,,,,,,,,,,,,,,,,,,,,,,
,,,,,,,,,,,,,,,,,,,,,,,,,
,,,,,,,,,,,,,,,,,,,,,,,,,
,,,,,,,,,,,,,,,,,,,,,,,,,
,,,,,,,,,,,,,,,,,,,,,,,,,
,,,,,,,,,,,,,,,,,,,,,,,,,
,,,,,,,,,,,,,,,,,,,,,,,,,
,,,,,,,,,,,,,,,,,,,,,,,,,
,,,,,,,,,,,,,,,,,,,,,,,,,
,,,,,,,,,,,,,,,,,,,,,,,,,
,,,,,,,,,,,,,,,,,,,,,,,,,
,,,,,,,,,,,,,,,,,,,,,,,,,
,,,,,,,,,,,,,,,,,,,,,,,,,
,,,,,,,,,,,,,,,,,,,,,,,,,
,,,,,,,,,,,,,,,,,,,,,,,,,
,,,,,,,,,,,,,,,,,,,,,,,,,
,,,,,,,,,,,,,,,,,,,,,,,,,
,,,,,,,,,,,,,,,,,,,,,,,,,
,,,,,,,,,,,,,,,,,,,,,,,,,
,,,,,,,,,,,,,,,,,,,,,,,,,
,,,,,,,,,,,,,,,,,,,,,,,,,
,,,,,,,,,,,,,,,,,,,,,,,,,
,,,,,,,,,,,,,,,,,,,,,,,,,
,,,,,,,,,,,,,,,,,,,,,,,,,
,,,,,,,,,,,,,,,,,,,,,,,,,
,,,,,,,,,,,,,,,,,,,,,,,,,
,,,,,,,,,,,,,,,,,,,,,,,,,
,,,,,,,,,,,,,,,,,,,,,,,,,
,,,,,,,,,,,,,,,,,,,,,,,,,
,,,,,,,,,,,,,,,,,,,,,,,,,
,,,,,,,,,,,,,,,,,,,,,,,,,
,,,,,,,,,,,,,,,,,,,,,,,,,
,,,,,,,,,,,,,,,,,,,,,,,,,
,,,,,,,,,,,,,,,,,,,,,,,,,
,,,,,,,,,,,,,,,,,,,,,,,,,
,,,,,,,,,,,,,,,,,,,,,,,,,
,,,,,,,,,,,,,,,,,,,,,,,,,
,,,,,,,,,,,,,,,,,,,,,,,,,
,,,,,,,,,,,,,,,,,,,,,,,,,
,,,,,,,,,,,,,,,,,,,,,,,,,
,,,,,,,,,,,,,,,,,,,,,,,,,
,,,,,,,,,,,,,,,,,,,,,,,,,
,,,,,,,,,,,,,,,,,,,,,,,,,
,,,,,,,,,,,,,,,,,,,,,,,,,
,,,,,,,,,,,,,,,,,,,,,,,,,
,,,,,,,,,,,,,,,,,,,,,,,,,
,,,,,,,,,,,,,,,,,,,,,,,,,
,,,,,,,,,,,,,,,,,,,,,,,,,
,,,,,,,,,,,,,,,,,,,,,,,,,
,,,,,,,,,,,,,,,,,,,,,,,,,
,,,,,,,,,,,,,,,,,,,,,,,,,
,,,,,,,,,,,,,,,,,,,,,,,,,
,,,,,,,,,,,,,,,,,,,,,,,,,
,,,,,,,,,,,,,,,,,,,,,,,,,
,,,,,,,,,,,,,,,,,,,,,,,,,
,,,,,,,,,,,,,,,,,,,,,,,,,
,,,,,,,,,,,,,,,,,,,,,,,,,
,,,,,,,,,,,,,,,,,,,,,,,,,
,,,,,,,,,,,,,,,,,,,,,,,,,
,,,,,,,,,,,,,,,,,,,,,,,,,
,,,,,,,,,,,,,,,,,,,,,,,,,
,,,,,,,,,,,,,,,,,,,,,,,,,
,,,,,,,,,,,,,,,,,,,,,,,,,
,,,,,,,,,,,,,,,,,,,,,,,,,
,,,,,,,,,,,,,,,,,,,,,,,,,
,,,,,,,,,,,,,,,,,,,,,,,,,
,,,,,,,,,,,,,,,,,,,,,,,,,
,,,,,,,,,,,,,,,,,,,,,,,,,
,,,,,,,,,,,,,,,,,,,,,,,,,
,,,,,,,,,,,,,,,,,,,,,,,,,
,,,,,,,,,,,,,,,,,,,,,,,,,
,,,,,,,,,,,,,,,,,,,,,,,,,
,,,,,,,,,,,,,,,,,,,,,,,,,
,,,,,,,,,,,,,,,,,,,,,,,,,
,,,,,,,,,,,,,,,,,,,,,,,,,
,,,,,,,,,,,,,,,,,,,,,,,,,
,,,,,,,,,,,,,,,,,,,,,,,,,
,,,,,,,,,,,,,,,,,,,,,,,,,
,,,,,,,,,,,,,,,,,,,,,,,,,
,,,,,,,,,,,,,,,,,,,,,,,,,
,,,,,,,,,,,,,,,,,,,,,,,,,
,,,,,,,,,,,,,,,,,,,,,,,,,
,,,,,,,,,,,,,,,,,,,,,,,,,
,,,,,,,,,,,,,,,,,,,,,,,,,
,,,,,,,,,,,,,,,,,,,,,,,,,
,,,,,,,,,,,,,,,,,,,,,,,,,
,,,,,,,,,,,,,,,,,,,,,,,,,
,,,,,,,,,,,,,,,,,,,,,,,,,
,,,,,,,,,,,,,,,,,,,,,,,,,
,,,,,,,,,,,,,,,,,,,,,,,,,
,,,,,,,,,,,,,,,,,,,,,,,,,
,,,,,,,,,,,,,,,,,,,,,,,,,
,,,,,,,,,,,,,,,,,,,,,,,,,
,,,,,,,,,,,,,,,,,,,,,,,,,
,,,,,,,,,,,,,,,,,,,,,,,,,
,,,,,,,,,,,,,,,,,,,,,,,,,
,,,,,,,,,,,,,,,,,,,,,,,,,
,,,,,,,,,,,,,,,,,,,,,,,,,
,,,,,,,,,,,,,,,,,,,,,,,,,
,,,,,,,,,,,,,,,,,,,,,,,,,
,,,,,,,,,,,,,,,,,,,,,,,,,
,,,,,,,,,,,,,,,,,,,,,,,,,
,,,,,,,,,,,,,,,,,,,,,,,,,
,,,,,,,,,,,,,,,,,,,,,,,,,
,,,,,,,,,,,,,,,,,,,,,,,,,
,,,,,,,,,,,,,,,,,,,,,,,,,
,,,,,,,,,,,,,,,,,,,,,,,,,
,,,,,,,,,,,,,,,,,,,,,,,,,
,,,,,,,,,,,,,,,,,,,,,,,,,
,,,,,,,,,,,,,,,,,,,,,,,,,
,,,,,,,,,,,,,,,,,,,,,,,,,
,,,,,,,,,,,,,,,,,,,,,,,,,
,,,,,,,,,,,,,,,,,,,,,,,,,
,,,,,,,,,,,,,,,,,,,,,,,,,
,,,,,,,,,,,,,,,,,,,,,,,,,
,,,,,,,,,,,,,,,,,,,,,,,,,
,,,,,,,,,,,,,,,,,,,,,,,,,
,,,,,,,,,,,,,,,,,,,,,,,,,
,,,,,,,,,,,,,,,,,,,,,,,,,
,,,,,,,,,,,,,,,,,,,,,,,,,
,,,,,,,,,,,,,,,,,,,,,,,,,
,,,,,,,,,,,,,,,,,,,,,,,,,
,,,,,,,,,,,,,,,,,,,,,,,,,
,,,,,,,,,,,,,,,,,,,,,,,,,
,,,,,,,,,,,,,,,,,,,,,,,,,
,,,,,,,,,,,,,,,,,,,,,,,,,
,,,,,,,,,,,,,,,,,,,,,,,,,
,,,,,,,,,,,,,,,,,,,,,,,,,
,,,,,,,,,,,,,,,,,,,,,,,,,
,,,,,,,,,,,,,,,,,,,,,,,,,
,,,,,,,,,,,,,,,,,,,,,,,,,
,,,,,,,,,,,,,,,,,,,,,,,,,
,,,,,,,,,,,,,,,,,,,,,,,,,
,,,,,,,,,,,,,,,,,,,,,,,,,
,,,,,,,,,,,,,,,,,,,,,,,,,
,,,,,,,,,,,,,,,,,,,,,,,,,
,,,,,,,,,,,,,,,,,,,,,,,,,
,,,,,,,,,,,,,,,,,,,,,,,,,
,,,,,,,,,,,,,,,,,,,,,,,,,
,,,,,,,,,,,,,,,,,,,,,,,,,
,,,,,,,,,,,,,,,,,,,,,,,,,
,,,,,,,,,,,,,,,,,,,,,,,,,
,,,,,,,,,,,,,,,,,,,,,,,,,
,,,,,,,,,,,,,,,,,,,,,,,,,
,,,,,,,,,,,,,,,,,,,,,,,,,
,,,,,,,,,,,,,,,,,,,,,,,,,
,,,,,,,,,,,,,,,,,,,,,,,,,
,,,,,,,,,,,,,,,,,,,,,,,,,
,,,,,,,,,,,,,,,,,,,,,,,,,
,,,,,,,,,,,,,,,,,,,,,,,,,
,,,,,,,,,,,,,,,,,,,,,,,,,
,,,,,,,,,,,,,,,,,,,,,,,,,
,,,,,,,,,,,,,,,,,,,,,,,,,
,,,,,,,,,,,,,,,,,,,,,,,,,
,,,,,,,,,,,,,,,,,,,,,,,,,
,,,,,,,,,,,,,,,,,,,,,,,,,
,,,,,,,,,,,,,,,,,,,,,,,,,
,,,,,,,,,,,,,,,,,,,,,,,,,
,,,,,,,,,,,,,,,,,,,,,,,,,
,,,,,,,,,,,,,,,,,,,,,,,,,
,,,,,,,,,,,,,,,,,,,,,,,,,
,,,,,,,,,,,,,,,,,,,,,,,,,
,,,,,,,,,,,,,,,,,,,,,,,,,
,,,,,,,,,,,,,,,,,,,,,,,,,
,,,,,,,,,,,,,,,,,,,,,,,,,
,,,,,,,,,,,,,,,,,,,,,,,,,
,,,,,,,,,,,,,,,,,,,,,,,,,
,,,,,,,,,,,,,,,,,,,,,,,,,
,,,,,,,,,,,,,,,,,,,,,,,,,
,,,,,,,,,,,,,,,,,,,,,,,,,
,,,,,,,,,,,,,,,,,,,,,,,,,
,,,,,,,,,,,,,,,,,,,,,,,,,
,,,,,,,,,,,,,,,,,,,,,,,,,
,,,,,,,,,,,,,,,,,,,,,,,,,
,,,,,,,,,,,,,,,,,,,,,,,,,
,,,,,,,,,,,,,,,,,,,,,,,,,
,,,,,,,,,,,,,,,,,,,,,,,,,
,,,,,,,,,,,,,,,,,,,,,,,,,
,,,,,,,,,,,,,,,,,,,,,,,,,
,,,,,,,,,,,,,,,,,,,,,,,,,
,,,,,,,,,,,,,,,,,,,,,,,,,
,,,,,,,,,,,,,,,,,,,,,,,,,
,,,,,,,,,,,,,,,,,,,,,,,,,
,,,,,,,,,,,,,,,,,,,,,,,,,
,,,,,,,,,,,,,,,,,,,,,,,,,
,,,,,,,,,,,,,,,,,,,,,,,,,
,,,,,,,,,,,,,,,,,,,,,,,,,
,,,,,,,,,,,,,,,,,,,,,,,,,
,,,,,,,,,,,,,,,,,,,,,,,,,
,,,,,,,,,,,,,,,,,,,,,,,,,
,,,,,,,,,,,,,,,,,,,,,,,,,
,,,,,,,,,,,,,,,,,,,,,,,,,
,,,,,,,,,,,,,,,,,,,,,,,,,
,,,,,,,,,,,,,,,,,,,,,,,,,
,,,,,,,,,,,,,,,,,,,,,,,,,
,,,,,,,,,,,,,,,,,,,,,,,,,
,,,,,,,,,,,,,,,,,,,,,,,,,
,,,,,,,,,,,,,,,,,,,,,,,,,
,,,,,,,,,,,,,,,,,,,,,,,,,
,,,,,,,,,,,,,,,,,,,,,,,,,
,,,,,,,,,,,,,,,,,,,,,,,,,
,,,,,,,,,,,,,,,,,,,,,,,,,
,,,,,,,,,,,,,,,,,,,,,,,,,
,,,,,,,,,,,,,,,,,,,,,,,,,
,,,,,,,,,,,,,,,,,,,,,,,,,
,,,,,,,,,,,,,,,,,,,,,,,,,
,,,,,,,,,,,,,,,,,,,,,,,,,
,,,,,,,,,,,,,,,,,,,,,,,,,
,,,,,,,,,,,,,,,,,,,,,,,,,
,,,,,,,,,,,,,,,,,,,,,,,,,
,,,,,,,,,,,,,,,,,,,,,,,,,
,,,,,,,,,,,,,,,,,,,,,,,,,
,,,,,,,,,,,,,,,,,,,,,,,,,
,,,,,,,,,,,,,,,,,,,,,,,,,
,,,,,,,,,,,,,,,,,,,,,,,,,
,,,,,,,,,,,,,,,,,,,,,,,,,
,,,,,,,,,,,,,,,,,,,,,,,,,
,,,,,,,,,,,,,,,,,,,,,,,,,
,,,,,,,,,,,,,,,,,,,,,,,,,
,,,,,,,,,,,,,,,,,,,,,,,,,
,,,,,,,,,,,,,,,,,,,,,,,,,
,,,,,,,,,,,,,,,,,,,,,,,,,
,,,,,,,,,,,,,,,,,,,,,,,,,
,,,,,,,,,,,,,,,,,,,,,,,,,
,,,,,,,,,,,,,,,,,,,,,,,,,
,,,,,,,,,,,,,,,,,,,,,,,,,
,,,,,,,,,,,,,,,,,,,,,,,,,
,,,,,,,,,,,,,,,,,,,,,,,,,
,,,,,,,,,,,,,,,,,,,,,,,,,
,,,,,,,,,,,,,,,,,,,,,,,,,
,,,,,,,,,,,,,,,,,,,,,,,,,
,,,,,,,,,,,,,,,,,,,,,,,,,
,,,,,,,,,,,,,,,,,,,,,,,,,
,,,,,,,,,,,,,,,,,,,,,,,,,
,,,,,,,,,,,,,,,,,,,,,,,,,
,,,,,,,,,,,,,,,,,,,,,,,,,
,,,,,,,,,,,,,,,,,,,,,,,,,
,,,,,,,,,,,,,,,,,,,,,,,,,
,,,,,,,,,,,,,,,,,,,,,,,,,
,,,,,,,,,,,,,,,,,,,,,,,,,
,,,,,,,,,,,,,,,,,,,,,,,,,
,,,,,,,,,,,,,,,,,,,,,,,,,
,,,,,,,,,,,,,,,,,,,,,,,,,
,,,,,,,,,,,,,,,,,,,,,,,,,
,,,,,,,,,,,,,,,,,,,,,,,,,
,,,,,,,,,,,,,,,,,,,,,,,,,
,,,,,,,,,,,,,,,,,,,,,,,,,
,,,,,,,,,,,,,,,,,,,,,,,,,
,,,,,,,,,,,,,,,,,,,,,,,,,
,,,,,,,,,,,,,,,,,,,,,,,,,
,,,,,,,,,,,,,,,,,,,,,,,,,
,,,,,,,,,,,,,,,,,,,,,,,,,
,,,,,,,,,,,,,,,,,,,,,,,,,
,,,,,,,,,,,,,,,,,,,,,,,,,
,,,,,,,,,,,,,,,,,,,,,,,,,
,,,,,,,,,,,,,,,,,,,,,,,,,
,,,,,,,,,,,,,,,,,,,,,,,,,
,,,,,,,,,,,,,,,,,,,,,,,,,
,,,,,,,,,,,,,,,,,,,,,,,,,
,,,,,,,,,,,,,,,,,,,,,,,,,
,,,,,,,,,,,,,,,,,,,,,,,,,
,,,,,,,,,,,,,,,,,,,,,,,,,
,,,,,,,,,,,,,,,,,,,,,,,,,
,,,,,,,,,,,,,,,,,,,,,,,,,
,,,,,,,,,,,,,,,,,,,,,,,,,
,,,,,,,,,,,,,,,,,,,,,,,,,
,,,,,,,,,,,,,,,,,,,,,,,,,
,,,,,,,,,,,,,,,,,,,,,,,,,
,,,,,,,,,,,,,,,,,,,,,,,,,
,,,,,,,,,,,,,,,,,,,,,,,,,
,,,,,,,,,,,,,,,,,,,,,,,,,
,,,,,,,,,,,,,,,,,,,,,,,,,
,,,,,,,,,,,,,,,,,,,,,,,,,
,,,,,,,,,,,,,,,,,,,,,,,,,
,,,,,,,,,,,,,,,,,,,,,,,,,
,,,,,,,,,,,,,,,,,,,,,,,,,
,,,,,,,,,,,,,,,,,,,,,,,,,
,,,,,,,,,,,,,,,,,,,,,,,,,
,,,,,,,,,,,,,,,,,,,,,,,,,
,,,,,,,,,,,,,,,,,,,,,,,,,
,,,,,,,,,,,,,,,,,,,,,,,,,
,,,,,,,,,,,,,,,,,,,,,,,,,
,,,,,,,,,,,,,,,,,,,,,,,,,
,,,,,,,,,,,,,,,,,,,,,,,,,
,,,,,,,,,,,,,,,,,,,,,,,,,
,,,,,,,,,,,,,,,,,,,,,,,,,
,,,,,,,,,,,,,,,,,,,,,,,,,
,,,,,,,,,,,,,,,,,,,,,,,,,
,,,,,,,,,,,,,,,,,,,,,,,,,
,,,,,,,,,,,,,,,,,,,,,,,,,
,,,,,,,,,,,,,,,,,,,,,,,,,
,,,,,,,,,,,,,,,,,,,,,,,,,
,,,,,,,,,,,,,,,,,,,,,,,,,
,,,,,,,,,,,,,,,,,,,,,,,,,
,,,,,,,,,,,,,,,,,,,,,,,,,
,,,,,,,,,,,,,,,,,,,,,,,,,
,,,,,,,,,,,,,,,,,,,,,,,,,
,,,,,,,,,,,,,,,,,,,,,,,,,
,,,,,,,,,,,,,,,,,,,,,,,,,
,,,,,,,,,,,,,,,,,,,,,,,,,
,,,,,,,,,,,,,,,,,,,,,,,,,
,,,,,,,,,,,,,,,,,,,,,,,,,
,,,,,,,,,,,,,,,,,,,,,,,,,
,,,,,,,,,,,,,,,,,,,,,,,,,
,,,,,,,,,,,,,,,,,,,,,,,,,
,,,,,,,,,,,,,,,,,,,,,,,,,
,,,,,,,,,,,,,,,,,,,,,,,,,
,,,,,,,,,,,,,,,,,,,,,,,,,
,,,,,,,,,,,,,,,,,,,,,,,,,
,,,,,,,,,,,,,,,,,,,,,,,,,
,,,,,,,,,,,,,,,,,,,,,,,,,
,,,,,,,,,,,,,,,,,,,,,,,,,
,,,,,,,,,,,,,,,,,,,,,,,,,
,,,,,,,,,,,,,,,,,,,,,,,,,
,,,,,,,,,,,,,,,,,,,,,,,,,
,,,,,,,,,,,,,,,,,,,,,,,,,
,,,,,,,,,,,,,,,,,,,,,,,,,
,,,,,,,,,,,,,,,,,,,,,,,,,
,,,,,,,,,,,,,,,,,,,,,,,,,
,,,,,,,,,,,,,,,,,,,,,,,,,
,,,,,,,,,,,,,,,,,,,,,,,,,
,,,,,,,,,,,,,,,,,,,,,,,,,
,,,,,,,,,,,,,,,,,,,,,,,,,
,,,,,,,,,,,,,,,,,,,,,,,,,
,,,,,,,,,,,,,,,,,,,,,,,,,
,,,,,,,,,,,,,,,,,,,,,,,,,
,,,,,,,,,,,,,,,,,,,,,,,,,
,,,,,,,,,,,,,,,,,,,,,,,,,
,,,,,,,,,,,,,,,,,,,,,,,,,
,,,,,,,,,,,,,,,,,,,,,,,,,
,,,,,,,,,,,,,,,,,,,,,,,,,
,,,,,,,,,,,,,,,,,,,,,,,,,
,,,,,,,,,,,,,,,,,,,,,,,,,
,,,,,,,,,,,,,,,,,,,,,,,,,
,,,,,,,,,,,,,,,,,,,,,,,,,
,,,,,,,,,,,,,,,,,,,,,,,,,
,,,,,,,,,,,,,,,,,,,,,,,,,
,,,,,,,,,,,,,,,,,,,,,,,,,
,,,,,,,,,,,,,,,,,,,,,,,,,
,,,,,,,,,,,,,,,,,,,,,,,,,
,,,,,,,,,,,,,,,,,,,,,,,,,
,,,,,,,,,,,,,,,,,,,,,,,,,
,,,,,,,,,,,,,,,,,,,,,,,,,
,,,,,,,,,,,,,,,,,,,,,,,,,
,,,,,,,,,,,,,,,,,,,,,,,,,
,,,,,,,,,,,,,,,,,,,,,,,,,
,,,,,,,,,,,,,,,,,,,,,,,,,
,,,,,,,,,,,,,,,,,,,,,,,,,
,,,,,,,,,,,,,,,,,,,,,,,,,
,,,,,,,,,,,,,,,,,,,,,,,,,
,,,,,,,,,,,,,,,,,,,,,,,,,
,,,,,,,,,,,,,,,,,,,,,,,,,
,,,,,,,,,,,,,,,,,,,,,,,,,
,,,,,,,,,,,,,,,,,,,,,,,,,
,,,,,,,,,,,,,,,,,,,,,,,,,
,,,,,,,,,,,,,,,,,,,,,,,,,
,,,,,,,,,,,,,,,,,,,,,,,,,
,,,,,,,,,,,,,,,,,,,,,,,,,
,,,,,,,,,,,,,,,,,,,,,,,,,
,,,,,,,,,,,,,,,,,,,,,,,,,
,,,,,,,,,,,,,,,,,,,,,,,,,
,,,,,,,,,,,,,,,,,,,,,,,,,
,,,,,,,,,,,,,,,,,,,,,,,,,
,,,,,,,,,,,,,,,,,,,,,,,,,
,,,,,,,,,,,,,,,,,,,,,,,,,
,,,,,,,,,,,,,,,,,,,,,,,,,
,,,,,,,,,,,,,,,,,,,,,,,,,
,,,,,,,,,,,,,,,,,,,,,,,,,
,,,,,,,,,,,,,,,,,,,,,,,,,
,,,,,,,,,,,,,,,,,,,,,,,,,
,,,,,,,,,,,,,,,,,,,,,,,,,
,,,,,,,,,,,,,,,,,,,,,,,,,
,,,,,,,,,,,,,,,,,,,,,,,,,
,,,,,,,,,,,,,,,,,,,,,,,,,
,,,,,,,,,,,,,,,,,,,,,,,,,
,,,,,,,,,,,,,,,,,,,,,,,,,
,,,,,,,,,,,,,,,,,,,,,,,,,
,,,,,,,,,,,,,,,,,,,,,,,,,
,,,,,,,,,,,,,,,,,,,,,,,,,
,,,,,,,,,,,,,,,,,,,,,,,,,
,,,,,,,,,,,,,,,,,,,,,,,,,
,,,,,,,,,,,,,,,,,,,,,,,,,
,,,,,,,,,,,,,,,,,,,,,,,,,
,,,,,,,,,,,,,,,,,,,,,,,,,
,,,,,,,,,,,,,,,,,,,,,,,,,
,,,,,,,,,,,,,,,,,,,,,,,,,
,,,,,,,,,,,,,,,,,,,,,,,,,
,,,,,,,,,,,,,,,,,,,,,,,,,
,,,,,,,,,,,,,,,,,,,,,,,,,
,,,,,,,,,,,,,,,,,,,,,,,,,
,,,,,,,,,,,,,,,,,,,,,,,,,
,,,,,,,,,,,,,,,,,,,,,,,,,
,,,,,,,,,,,,,,,,,,,,,,,,,
,,,,,,,,,,,,,,,,,,,,,,,,,
,,,,,,,,,,,,,,,,,,,,,,,,,
,,,,,,,,,,,,,,,,,,,,,,,,,
,,,,,,,,,,,,,,,,,,,,,,,,,
,,,,,,,,,,,,,,,,,,,,,,,,,
,,,,,,,,,,,,,,,,,,,,,,,,,
,,,,,,,,,,,,,,,,,,,,,,,,,
,,,,,,,,,,,,,,,,,,,,,,,,,
,,,,,,,,,,,,,,,,,,,,,,,,,
,,,,,,,,,,,,,,,,,,,,,,,,,
,,,,,,,,,,,,,,,,,,,,,,,,,
,,,,,,,,,,,,,,,,,,,,,,,,,
,,,,,,,,,,,,,,,,,,,,,,,,,
,,,,,,,,,,,,,,,,,,,,,,,,,
,,,,,,,,,,,,,,,,,,,,,,,,,
,,,,,,,,,,,,,,,,,,,,,,,,,
,,,,,,,,,,,,,,,,,,,,,,,,,
,,,,,,,,,,,,,,,,,,,,,,,,,
,,,,,,,,,,,,,,,,,,,,,,,,,
,,,,,,,,,,,,,,,,,,,,,,,,,
,,,,,,,,,,,,,,,,,,,,,,,,,
,,,,,,,,,,,,,,,,,,,,,,,,,
,,,,,,,,,,,,,,,,,,,,,,,,,
,,,,,,,,,,,,,,,,,,,,,,,,,
,,,,,,,,,,,,,,,,,,,,,,,,,
,,,,,,,,,,,,,,,,,,,,,,,,,
,,,,,,,,,,,,,,,,,,,,,,,,,
,,,,,,,,,,,,,,,,,,,,,,,,,
,,,,,,,,,,,,,,,,,,,,,,,,,
,,,,,,,,,,,,,,,,,,,,,,,,,
,,,,,,,,,,,,,,,,,,,,,,,,,
,,,,,,,,,,,,,,,,,,,,,,,,,
,,,,,,,,,,,,,,,,,,,,,,,,,
,,,,,,,,,,,,,,,,,,,,,,,,,
,,,,,,,,,,,,,,,,,,,,,,,,,
,,,,,,,,,,,,,,,,,,,,,,,,,
,,,,,,,,,,,,,,,,,,,,,,,,,
,,,,,,,,,,,,,,,,,,,,,,,,,
,,,,,,,,,,,,,,,,,,,,,,,,,
,,,,,,,,,,,,,,,,,,,,,,,,,
,,,,,,,,,,,,,,,,,,,,,,,,,
,,,,,,,,,,,,,,,,,,,,,,,,,
,,,,,,,,,,,,,,,,,,,,,,,,,
,,,,,,,,,,,,,,,,,,,,,,,,,
,,,,,,,,,,,,,,,,,,,,,,,,,
,,,,,,,,,,,,,,,,,,,,,,,,,
,,,,,,,,,,,,,,,,,,,,,,,,,
,,,,,,,,,,,,,,,,,,,,,,,,,
,,,,,,,,,,,,,,,,,,,,,,,,,
,,,,,,,,,,,,,,,,,,,,,,,,,
,,,,,,,,,,,,,,,,,,,,,,,,,
,,,,,,,,,,,,,,,,,,,,,,,,,
,,,,,,,,,,,,,,,,,,,,,,,,,
,,,,,,,,,,,,,,,,,,,,,,,,,
,,,,,,,,,,,,,,,,,,,,,,,,,
,,,,,,,,,,,,,,,,,,,,,,,,,
,,,,,,,,,,,,,,,,,,,,,,,,,
,,,,,,,,,,,,,,,,,,,,,,,,,
,,,,,,,,,,,,,,,,,,,,,,,,,
,,,,,,,,,,,,,,,,,,,,,,,,,
,,,,,,,,,,,,,,,,,,,,,,,,,
,,,,,,,,,,,,,,,,,,,,,,,,,
,,,,,,,,,,,,,,,,,,,,,,,,,
,,,,,,,,,,,,,,,,,,,,,,,,,
,,,,,,,,,,,,,,,,,,,,,,,,,
,,,,,,,,,,,,,,,,,,,,,,,,,
,,,,,,,,,,,,,,,,,,,,,,,,,
,,,,,,,,,,,,,,,,,,,,,,,,,
,,,,,,,,,,,,,,,,,,,,,,,,,
,,,,,,,,,,,,,,,,,,,,,,,,,
,,,,,,,,,,,,,,,,,,,,,,,,,
,,,,,,,,,,,,,,,,,,,,,,,,,
,,,,,,,,,,,,,,,,,,,,,,,,,
,,,,,,,,,,,,,,,,,,,,,,,,,
,,,,,,,,,,,,,,,,,,,,,,,,,
,,,,,,,,,,,,,,,,,,,,,,,,,
,,,,,,,,,,,,,,,,,,,,,,,,,
,,,,,,,,,,,,,,,,,,,,,,,,,
,,,,,,,,,,,,,,,,,,,,,,,,,
,,,,,,,,,,,,,,,,,,,,,,,,,
,,,,,,,,,,,,,,,,,,,,,,,,,
,,,,,,,,,,,,,,,,,,,,,,,,,
,,,,,,,,,,,,,,,,,,,,,,,,,
,,,,,,,,,,,,,,,,,,,,,,,,,
,,,,,,,,,,,,,,,,,,,,,,,,,
,,,,,,,,,,,,,,,,,,,,,,,,,
,,,,,,,,,,,,,,,,,,,,,,,,,
,,,,,,,,,,,,,,,,,,,,,,,,,
,,,,,,,,,,,,,,,,,,,,,,,,,
,,,,,,,,,,,,,,,,,,,,,,,,,
,,,,,,,,,,,,,,,,,,,,,,,,,
,,,,,,,,,,,,,,,,,,,,,,,,,
,,,,,,,,,,,,,,,,,,,,,,,,,
,,,,,,,,,,,,,,,,,,,,,,,,,
,,,,,,,,,,,,,,,,,,,,,,,,,
,,,,,,,,,,,,,,,,,,,,,,,,,
,,,,,,,,,,,,,,,,,,,,,,,,,
,,,,,,,,,,,,,,,,,,,,,,,,,
,,,,,,,,,,,,,,,,,,,,,,,,,
,,,,,,,,,,,,,,,,,,,,,,,,,
,,,,,,,,,,,,,,,,,,,,,,,,,
,,,,,,,,,,,,,,,,,,,,,,,,,
,,,,,,,,,,,,,,,,,,,,,,,,,
,,,,,,,,,,,,,,,,,,,,,,,,,
,,,,,,,,,,,,,,,,,,,,,,,,,
,,,,,,,,,,,,,,,,,,,,,,,,,
,,,,,,,,,,,,,,,,,,,,,,,,,
,,,,,,,,,,,,,,,,,,,,,,,,,
,,,,,,,,,,,,,,,,,,,,,,,,,
,,,,,,,,,,,,,,,,,,,,,,,,,
,,,,,,,,,,,,,,,,,,,,,,,,,
,,,,,,,,,,,,,,,,,,,,,,,,,
,,,,,,,,,,,,,,,,,,,,,,,,,
,,,,,,,,,,,,,,,,,,,,,,,,,
,,,,,,,,,,,,,,,,,,,,,,,,,
,,,,,,,,,,,,,,,,,,,,,,,,,
,,,,,,,,,,,,,,,,,,,,,,,,,
,,,,,,,,,,,,,,,,,,,,,,,,,
,,,,,,,,,,,,,,,,,,,,,,,,,
,,,,,,,,,,,,,,,,,,,,,,,,,
,,,,,,,,,,,,,,,,,,,,,,,,,
,,,,,,,,,,,,,,,,,,,,,,,,,
,,,,,,,,,,,,,,,,,,,,,,,,,
,,,,,,,,,,,,,,,,,,,,,,,,,
,,,,,,,,,,,,,,,,,,,,,,,,,
,,,,,,,,,,,,,,,,,,,,,,,,,
,,,,,,,,,,,,,,,,,,,,,,,,,
,,,,,,,,,,,,,,,,,,,,,,,,,
,,,,,,,,,,,,,,,,,,,,,,,,,
,,,,,,,,,,,,,,,,,,,,,,,,,
,,,,,,,,,,,,,,,,,,,,,,,,,
,,,,,,,,,,,,,,,,,,,,,,,,,
,,,,,,,,,,,,,,,,,,,,,,,,,
,,,,,,,,,,,,,,,,,,,,,,,,,
,,,,,,,,,,,,,,,,,,,,,,,,,
,,,,,,,,,,,,,,,,,,,,,,,,,
,,,,,,,,,,,,,,,,,,,,,,,,,
,,,,,,,,,,,,,,,,,,,,,,,,,
,,,,,,,,,,,,,,,,,,,,,,,,,
,,,,,,,,,,,,,,,,,,,,,,,,,
,,,,,,,,,,,,,,,,,,,,,,,,,
,,,,,,,,,,,,,,,,,,,,,,,,,
,,,,,,,,,,,,,,,,,,,,,,,,,
,,,,,,,,,,,,,,,,,,,,,,,,,
,,,,,,,,,,,,,,,,,,,,,,,,,
,,,,,,,,,,,,,,,,,,,,,,,,,
,,,,,,,,,,,,,,,,,,,,,,,,,
,,,,,,,,,,,,,,,,,,,,,,,,,
,,,,,,,,,,,,,,,,,,,,,,,,,
,,,,,,,,,,,,,,,,,,,,,,,,,
,,,,,,,,,,,,,,,,,,,,,,,,,
,,,,,,,,,,,,,,,,,,,,,,,,,
,,,,,,,,,,,,,,,,,,,,,,,,,
,,,,,,,,,,,,,,,,,,,,,,,,,
,,,,,,,,,,,,,,,,,,,,,,,,,
,,,,,,,,,,,,,,,,,,,,,,,,,
,,,,,,,,,,,,,,,,,,,,,,,,,
,,,,,,,,,,,,,,,,,,,,,,,,,
,,,,,,,,,,,,,,,,,,,,,,,,,
,,,,,,,,,,,,,,,,,,,,,,,,,
,,,,,,,,,,,,,,,,,,,,,,,,,
,,,,,,,,,,,,,,,,,,,,,,,,,
,,,,,,,,,,,,,,,,,,,,,,,,,
,,,,,,,,,,,,,,,,,,,,,,,,,
,,,,,,,,,,,,,,,,,,,,,,,,,
,,,,,,,,,,,,,,,,,,,,,,,,,
,,,,,,,,,,,,,,,,,,,,,,,,,
,,,,,,,,,,,,,,,,,,,,,,,,,
,,,,,,,,,,,,,,,,,,,,,,,,,
,,,,,,,,,,,,,,,,,,,,,,,,,
,,,,,,,,,,,,,,,,,,,,,,,,,
,,,,,,,,,,,,,,,,,,,,,,,,,
,,,,,,,,,,,,,,,,,,,,,,,,,
,,,,,,,,,,,,,,,,,,,,,,,,,
,,,,,,,,,,,,,,,,,,,,,,,,,
,,,,,,,,,,,,,,,,,,,,,,,,,
,,,,,,,,,,,,,,,,,,,,,,,,,
,,,,,,,,,,,,,,,,,,,,,,,,,
,,,,,,,,,,,,,,,,,,,,,,,,,
,,,,,,,,,,,,,,,,,,,,,,,,,
,,,,,,,,,,,,,,,,,,,,,,,,,
,,,,,,,,,,,,,,,,,,,,,,,,,
,,,,,,,,,,,,,,,,,,,,,,,,,
,,,,,,,,,,,,,,,,,,,,,,,,,
,,,,,,,,,,,,,,,,,,,,,,,,,
,,,,,,,,,,,,,,,,,,,,,,,,,
,,,,,,,,,,,,,,,,,,,,,,,,,
,,,,,,,,,,,,,,,,,,,,,,,,,
,,,,,,,,,,,,,,,,,,,,,,,,,
,,,,,,,,,,,,,,,,,,,,,,,,,
,,,,,,,,,,,,,,,,,,,,,,,,,
,,,,,,,,,,,,,,,,,,,,,,,,,
,,,,,,,,,,,,,,,,,,,,,,,,,
,,,,,,,,,,,,,,,,,,,,,,,,,
,,,,,,,,,,,,,,,,,,,,,,,,,
,,,,,,,,,,,,,,,,,,,,,,,,,
,,,,,,,,,,,,,,,,,,,,,,,,,
,,,,,,,,,,,,,,,,,,,,,,,,,
,,,,,,,,,,,,,,,,,,,,,,,,,
,,,,,,,,,,,,,,,,,,,,,,,,,
,,,,,,,,,,,,,,,,,,,,,,,,,
,,,,,,,,,,,,,,,,,,,,,,,,,
,,,,,,,,,,,,,,,,,,,,,,,,,
,,,,,,,,,,,,,,,,,,,,,,,,,
,,,,,,,,,,,,,,,,,,,,,,,,,
,,,,,,,,,,,,,,,,,,,,,,,,,
,,,,,,,,,,,,,,,,,,,,,,,,,
,,,,,,,,,,,,,,,,,,,,,,,,,
,,,,,,,,,,,,,,,,,,,,,,,,,
,,,,,,,,,,,,,,,,,,,,,,,,,
,,,,,,,,,,,,,,,,,,,,,,,,,
,,,,,,,,,,,,,,,,,,,,,,,,,
,,,,,,,,,,,,,,,,,,,,,,,,,
,,,,,,,,,,,,,,,,,,,,,,,,,
,,,,,,,,,,,,,,,,,,,,,,,,,
,,,,,,,,,,,,,,,,,,,,,,,,,
,,,,,,,,,,,,,,,,,,,,,,,,,
,,,,,,,,,,,,,,,,,,,,,,,,,
,,,,,,,,,,,,,,,,,,,,,,,,,
,,,,,,,,,,,,,,,,,,,,,,,,,
,,,,,,,,,,,,,,,,,,,,,,,,,
,,,,,,,,,,,,,,,,,,,,,,,,,
,,,,,,,,,,,,,,,,,,,,,,,,,
,,,,,,,,,,,,,,,,,,,,,,,,,
,,,,,,,,,,,,,,,,,,,,,,,,,
,,,,,,,,,,,,,,,,,,,,,,,,,
,,,,,,,,,,,,,,,,,,,,,,,,,
,,,,,,,,,,,,,,,,,,,,,,,,,
,,,,,,,,,,,,,,,,,,,,,,,,,
,,,,,,,,,,,,,,,,,,,,,,,,,
,,,,,,,,,,,,,,,,,,,,,,,,,
,,,,,,,,,,,,,,,,,,,,,,,,,
,,,,,,,,,,,,,,,,,,,,,,,,,
,,,,,,,,,,,,,,,,,,,,,,,,,
,,,,,,,,,,,,,,,,,,,,,,,,,
,,,,,,,,,,,,,,,,,,,,,,,,,
,,,,,,,,,,,,,,,,,,,,,,,,,
,,,,,,,,,,,,,,,,,,,,,,,,,
,,,,,,,,,,,,,,,,,,,,,,,,,
,,,,,,,,,,,,,,,,,,,,,,,,,
,,,,,,,,,,,,,,,,,,,,,,,,,
,,,,,,,,,,,,,,,,,,,,,,,,,
,,,,,,,,,,,,,,,,,,,,,,,,,
,,,,,,,,,,,,,,,,,,,,,,,,,
,,,,,,,,,,,,,,,,,,,,,,,,,
,,,,,,,,,,,,,,,,,,,,,,,,,
,,,,,,,,,,,,,,,,,,,,,,,,,
,,,,,,,,,,,,,,,,,,,,,,,,,
,,,,,,,,,,,,,,,,,,,,,,,,,
,,,,,,,,,,,,,,,,,,,,,,,,,
,,,,,,,,,,,,,,,,,,,,,,,,,
,,,,,,,,,,,,,,,,,,,,,,,,,
,,,,,,,,,,,,,,,,,,,,,,,,,
,,,,,,,,,,,,,,,,,,,,,,,,,
,,,,,,,,,,,,,,,,,,,,,,,,,
,,,,,,,,,,,,,,,,,,,,,,,,,
,,,,,,,,,,,,,,,,,,,,,,,,,
,,,,,,,,,,,,,,,,,,,,,,,,,
,,,,,,,,,,,,,,,,,,,,,,,,,
,,,,,,,,,,,,,,,,,,,,,,,,,
,,,,,,,,,,,,,,,,,,,,,,,,,
,,,,,,,,,,,,,,,,,,,,,,,,,
,,,,,,,,,,,,,,,,,,,,,,,,,
,,,,,,,,,,,,,,,,,,,,,,,,,
,,,,,,,,,,,,,,,,,,,,,,,,,
,,,,,,,,,,,,,,,,,,,,,,,,,
,,,,,,,,,,,,,,,,,,,,,,,,,
,,,,,,,,,,,,,,,,,,,,,,,,,
,,,,,,,,,,,,,,,,,,,,,,,,,
,,,,,,,,,,,,,,,,,,,,,,,,,
,,,,,,,,,,,,,,,,,,,,,,,,,
,,,,,,,,,,,,,,,,,,,,,,,,,
,,,,,,,,,,,,,,,,,,,,,,,,,
,,,,,,,,,,,,,,,,,,,,,,,,,
,,,,,,,,,,,,,,,,,,,,,,,,,
,,,,,,,,,,,,,,,,,,,,,,,,,
,,,,,,,,,,,,,,,,,,,,,,,,,
,,,,,,,,,,,,,,,,,,,,,,,,,
,,,,,,,,,,,,,,,,,,,,,,,,,
,,,,,,,,,,,,,,,,,,,,,,,,,
,,,,,,,,,,,,,,,,,,,,,,,,,
,,,,,,,,,,,,,,,,,,,,,,,,,
,,,,,,,,,,,,,,,,,,,,,,,,,
,,,,,,,,,,,,,,,,,,,,,,,,,
,,,,,,,,,,,,,,,,,,,,,,,,,
,,,,,,,,,,,,,,,,,,,,,,,,,
,,,,,,,,,,,,,,,,,,,,,,,,,
,,,,,,,,,,,,,,,,,,,,,,,,,
,,,,,,,,,,,,,,,,,,,,,,,,,
,,,,,,,,,,,,,,,,,,,,,,,,,
,,,,,,,,,,,,,,,,,,,,,,,,,
,,,,,,,,,,,,,,,,,,,,,,,,,
,,,,,,,,,,,,,,,,,,,,,,,,,
,,,,,,,,,,,,,,,,,,,,,,,,,
,,,,,,,,,,,,,,,,,,,,,,,,,
,,,,,,,,,,,,,,,,,,,,,,,,,
,,,,,,,,,,,,,,,,,,,,,,,,,
,,,,,,,,,,,,,,,,,,,,,,,,,
,,,,,,,,,,,,,,,,,,,,,,,,,
,,,,,,,,,,,,,,,,,,,,,,,,,
,,,,,,,,,,,,,,,,,,,,,,,,,
,,,,,,,,,,,,,,,,,,,,,,,,,
,,,,,,,,,,,,,,,,,,,,,,,,,
,,,,,,,,,,,,,,,,,,,,,,,,,
,,,,,,,,,,,,,,,,,,,,,,,,,
,,,,,,,,,,,,,,,,,,,,,,,,,
,,,,,,,,,,,,,,,,,,,,,,,,,
,,,,,,,,,,,,,,,,,,,,,,,,,
,,,,,,,,,,,,,,,,,,,,,,,,,
,,,,,,,,,,,,,,,,,,,,,,,,,
,,,,,,,,,,,,,,,,,,,,,,,,,
